"SiteName","V1","V2","V3","V4","V5","V6","V7","V8","V9","V10","V11","V12","V13","V14","V15","V16","V17","V18","V19","V20","V21","V22","V23","V24","V25","V26","V27","V28","V29","V30","V31","V32","V33","V34","V35","V36","V37","V38","V39","V40","V41","V42","V43","V44","V45","V46","V47","V48","V49","V50","V51","V52","V53","V54","V55","V56","V57","V58","V59","V60","V61","V62","V63","V64","V65","V66","V67","V68","V69","V70","V71","V72","V73","V74","V75","V76","V77","V78","V79","V80","V81","V82","V83","V84","V85","V86","V87","V88","V89","V90"
"Site_1",0.931274819738611,0.831676675375473,0.715478840285145,0.806777139284688,1.36286677864554,1.03917280946534,1.13047110846489,0.9478745104658,0.815076984648283,0.665679768103576,0.17598889165148,0.225787963833049,-0.380100747709374,-1.17688590261448,-1.16028621188729,-0.952790077797418,-1.02748868606977,-0.512898273526892,0.466483479377299,-0.139405232165124,-0.463099201345323,-0.297102294073426,0.43328409792292,0.142789510197101,-0.0813063146199599,-1.25158451088683,-2.07326920188272,-2.47166177933527,-2.46336193397168,-2.4301625525173,-2.30566487206338,-2.35546394424495,-2.23926610915462,-1.24328466552324,-0.446499510618133,-1.71637585124814,-2.19776688233664,-2.08986889260991,-0.413300129163754,-0.156004922892314,-0.0979060053471495,1.39606616009992,1.94385595409718,-0.512898273526892,-1.24328466552324,-1.21008528406886,-0.0896061599835549,0.258987345287428,-0.147705077528719,0.242387654560239,0.922974974375016,1.40436600546352,0.566081623740438,0.69057930419436,-0.313701984800615,-0.504598428163297,-0.570997191072055,0.250687499923834,0.831676675375473,0.350285644286972,-0.313701984800615,-0.255603067255452,0.831676675375473,-1.4673804903403,-1.4590806449767,0.317086262832593,-0.330301675527805,-0.57929703643565,-0.463099201345323,-1.51717956252187,-1.39268188206794,0.599281005194817,1.45416507764509,-0.35520121161859,-0.35520121161859,0.383485025741351,0.532882242286058,0.117889974106316,0.117889974106316,0.0182918297431781,0.333685953559782,1.60356229418979,1.42096569619071,0.416684407195731,0.541182087649653,0.989373737283774,1.06407234555613,1.04747265482894,1.1055715723741,1.24666894355521
"Site_4",1.23006925282803,1.66166121173496,1.33796724255476,0.300486572105403,0.308786417468998,0.566081623740438,-0.396700438436564,-0.35520121161859,0.167689046287885,-0.3386015208914,0.0846905926519369,-0.61249641789003,-0.388400593072969,1.36286677864554,1.35456693328195,1.31306770646397,0.67397961346717,0.375185180377756,0.391784871104946,1.38776631473633,2.68254219145712,1.15537064455567,0.350285644286972,0.0763907472883421,-0.214103840437477,-0.0481069331655806,0.00999198437958334,1.32966739719116,0.0846905926519369,0.0597910565611525,1.08897188164691,0.0929904380155317,0.0597910565611525,0.848276366102662,1.39606616009992,1.57036291273541,-0.180904458983098,-0.031507242438391,1.12217126310129,1.27986832500959,-0.0979060053471495,-0.620796263253624,-0.687195026162383,-0.305402139437021,-0.147705077528719,0.366885335014162,-0.61249641789003,-0.363501056982185,0.0514912111975574,-0.438199665254538,-0.172604613619503,-1.00258914997899,-0.736994098343953,0.466483479377299,1.28816817037319,0.67397961346717,0.599281005194817,0.624180541285602,-0.712094562253168,-0.620796263253624,-0.745293943707547,-0.429899819890943,-0.720394407616763,-0.164304768255908,0.491383015468084,2.02685440773313,0.781877603193903,0.922974974375016,1.37116662400914,0.466483479377299,0.250687499923834,0.151089355560696,-0.537797809617676,-0.106205850710745,0.507982706195274,0.532882242286058,1.46246492300868,0.151089355560696,0.234087809196644,-0.678895180798788,-0.703794716889573,0.0846905926519369,1.27986832500959,0.441583943286515,1.03087296410175,1.4292655415543,-0.280502603346236,-1.1353866757965,-0.728694252980358,-0.280502603346236
"Site_5",1.25496878891881,1.51226399519025,1.38776631473633,0.341985798923377,-0.189204304346693,0.15938920092429,-0.529497964254081,-0.620796263253624,-0.371800902345779,-0.604196572526435,-0.380100747709374,-0.911290850979444,-0.687195026162383,0.615880695922007,0.806777139284688,0.906375283647826,0.67397961346717,0.275587036014618,0.142789510197101,0.43328409792292,2.0766534799147,1.17197033528286,0.101290283379127,0.0265916751067732,-0.297102294073426,-0.122805541437934,-0.0398070878019858,0.889775592920636,-0.0647066238927702,-0.239003376528262,0.300486572105403,-0.239003376528262,-0.3386015208914,-0.0730064692563653,0.607580850558412,0.889775592920636,-0.272202757982641,-0.272202757982641,0.300486572105403,1.1055715723741,-0.180904458983098,-0.85319193343428,-1.01918884070618,-1.12708683043291,-0.969389768524608,0.101290283379127,-0.786793170525521,-0.786793170525521,-0.32200183016421,-0.861491778797875,-0.712094562253168,-1.05238822216056,-0.902991005615849,0.00169213901598853,1.23006925282803,0.0763907472883421,-0.446499510618133,-0.147705077528719,-1.19348559334167,-1.08558760361494,-1.11048713970572,-1.01088899534258,-1.05238822216056,-0.927890541706634,-0.471399046708917,1.33796724255476,0.574381469104032,0.624180541285602,1.22176940746443,0.383485025741351,-0.00660770634760629,-0.164304768255908,-0.786793170525521,-0.562697345708461,0.101290283379127,-0.396700438436564,0.383485025741351,-0.0564067785291754,-0.131105386801529,-0.811692706616306,-1.11878698506932,-0.512898273526892,0.740378376375929,-0.263902912619046,0.151089355560696,1.13047110846489,-0.3386015208914,-1.15198636652369,-1.1436865211601,-0.819992551979901
"Site_7",1.2632686342824,1.66166121173496,1.28816817037319,0.275587036014618,0.350285644286972,0.566081623740438,-0.446499510618133,-0.380100747709374,0.19258858237867,-0.32200183016421,0.142789510197101,-0.59589672716284,-0.346901366254995,1.4375653869179,1.41266585082711,1.34626708791835,0.640780232012791,0.350285644286972,0.424984252559325,1.61186213955339,2.7157415729115,1.13877095382848,0.358585489650567,0.00169213901598853,-0.272202757982641,-0.106205850710745,-0.0398070878019858,1.30476786110038,0.00999198437958334,0.0597910565611525,1.15537064455567,0.00169213901598853,0.0431913658339628,0.856576211466257,1.41266585082711,1.57036291273541,-0.222403685801072,-0.0564067785291754,1.17197033528286,1.25496878891881,-0.139405232165124,-0.653995644708004,-0.728694252980358,-0.330301675527805,-0.172604613619503,0.325386108196187,-0.687195026162383,-0.380100747709374,-0.0149075517112011,-0.496298582799702,-0.197504149710288,-1.05238822216056,-0.753593789071142,0.566081623740438,1.25496878891881,0.640780232012791,0.624180541285602,0.590981159831222,-0.761893634434737,-0.637395953980814,-0.786793170525521,-0.479698892072512,-0.786793170525521,-0.180904458983098,0.474783324740894,2.03515425309672,0.756978067103119,0.906375283647826,1.33796724255476,0.43328409792292,0.19258858237867,0.101290283379127,-0.570997191072055,-0.139405232165124,0.44988378865011,0.541182087649653,1.32966739719116,0.142789510197101,0.19258858237867,-0.687195026162383,-0.703794716889573,0.109590128742722,1.20516971673724,0.408384561832136,0.997673582647369,1.37116662400914,-0.313701984800615,-1.16858605725088,-0.745293943707547,-0.247303221891857
"Site_8",1.46246492300868,1.4375653869179,1.33796724255476,1.4375653869179,1.93555610873359,1.4375653869179,1.32136755182757,1.48736445909947,1.29646801573678,0.972774046556585,0.491383015468084,0.806777139284688,0.134489664833506,-0.122805541437934,0.0763907472883421,-0.0564067785291754,-0.405000283800159,0.00999198437958334,1.00597342801096,0.0846905926519369,-0.487998737436107,-0.35520121161859,1.03917280946534,0.549481933013248,0.0182918297431781,-0.604196572526435,-1.39268188206794,-1.64997708833938,-1.65827693370298,-1.58357832543063,-1.81597399561128,-1.64997708833938,-1.38438203670435,-0.936190387070228,0.383485025741351,-1.60017801615782,-1.73297554197533,-1.50057987179468,0.283886881378213,0.19258858237867,0.574381469104032,2.26754992327738,3.08923461427327,-0.396700438436564,-0.878091469525065,-0.819992551979901,0.0763907472883421,0.541182087649653,0.491383015468084,0.541182087649653,1.62016198491698,0.632480386649196,0.408384561832136,1.71976012928012,-0.147705077528719,-0.446499510618133,-0.131105386801529,1.97705533555156,1.05577250019253,0.151089355560696,-0.479698892072512,-0.205803995073883,1.42096569619071,-1.23498482015964,-0.537797809617676,1.61186213955339,-0.031507242438391,0.225787963833049,0.217488118469454,-0.305402139437021,0.44988378865011,1.7446596653709,1.7446596653709,0.109590128742722,0.333685953559782,1.38776631473633,2.01855456236953,0.20918827310586,0.582681314467627,0.939574665102206,1.7529595107345,2.10155301600548,1.4375653869179,0.698879149557955,0.939574665102206,1.05577250019253,1.09727172701051,1.14707079919208,1.70316043855293,2.03515425309672
"Site_9",1.5869626034626,1.33796724255476,1.271568479646,1.271568479646,1.85255765509764,1.39606616009992,1.34626708791835,1.34626708791835,1.30476786110038,1.02257311873815,0.657379922739981,0.806777139284688,0.0680909019247473,-0.280502603346236,-0.172604613619503,-0.139405232165124,-0.380100747709374,0.0514912111975574,0.989373737283774,0.101290283379127,-0.438199665254538,-0.164304768255908,1.20516971673724,0.532882242286058,-0.156004922892314,-0.985989459251798,-1.31798327379559,-1.59187817079422,-1.6250775522486,-1.74127538733893,-1.76617492342971,-1.74127538733893,-1.56697863470344,-0.537797809617676,0.267287190651023,-1.59187817079422,-1.77447476879331,-1.7910744595205,0.0763907472883421,0.292186726741808,0.325386108196187,2.04345409846032,2.69084203682072,-0.230703531164667,-0.720394407616763,-0.861491778797875,0.0348915204703678,0.0929904380155317,-0.180904458983098,0.184288737015075,1.66166121173496,1.06407234555613,0.483083170104489,1.55376322200822,-0.139405232165124,-0.288802448709831,-0.189204304346693,1.5952624488262,1.13877095382848,0.151089355560696,-0.346901366254995,-0.380100747709374,1.31306770646397,-1.16028621188729,-0.894691160252254,1.47076476837228,0.184288737015075,0.134489664833506,0.341985798923377,-0.828292397343495,-0.3386015208914,1.50396414982665,1.66166121173496,0.134489664833506,0.167689046287885,0.98107389192018,1.18857002601005,0.341985798923377,0.43328409792292,0.283886881378213,0.831676675375473,1.88575703655202,1.5869626034626,0.881475747557042,0.972774046556585,1.27986832500959,1.271568479646,0.956174355829395,1.21346956210084,1.86085750046123
"Site_10",1.09727172701051,1.64506152100777,1.47906461373587,0.267287190651023,0.0597910565611525,0.541182087649653,-0.405000283800159,-0.546097654981271,-0.247303221891857,-0.570997191072055,-0.396700438436564,-0.844892088070685,-0.720394407616763,1.00597342801096,0.848276366102662,1.02257311873815,0.748678221739524,0.474783324740894,0.258987345287428,0.366885335014162,2.36714806764052,1.07237219091972,0.300486572105403,0.549481933013248,-0.0896061599835549,0.0348915204703678,0.375185180377756,1.34626708791835,0.317086262832593,0.234087809196644,0.864876056829852,0.400084716468541,0.242387654560239,0.416684407195731,0.831676675375473,1.00597342801096,-0.147705077528719,-0.139405232165124,0.557781778376843,1.2632686342824,-0.00660770634760629,-0.653995644708004,-0.786793170525521,-0.795093015889116,-0.620796263253624,0.0514912111975574,-0.446499510618133,-0.454799355981728,0.184288737015075,-0.570997191072055,-0.687195026162383,-1.00258914997899,-0.637395953980814,0.0597910565611525,1.21346956210084,0.541182087649653,-0.205803995073883,0.109590128742722,-0.828292397343495,-0.745293943707547,-0.977689613888203,-1.03578853143337,-1.309683428432,-1.00258914997899,-0.114505696074339,1.37116662400914,0.798477293921093,0.906375283647826,1.46246492300868,0.649080077376386,-0.0232073970747959,0.19258858237867,-0.61249641789003,-0.346901366254995,0.292186726741808,-0.0564067785291754,0.823376830011878,0.0763907472883421,0.358585489650567,-0.471399046708917,-1.16028621188729,-0.687195026162383,1.07237219091972,0.126189819469911,0.574381469104032,1.47906461373587,-0.031507242438391,-0.952790077797418,-0.803392861252711,-0.537797809617676
"Site_11",1.22176940746443,1.71976012928012,1.32966739719116,0.317086262832593,0.491383015468084,0.69057930419436,-0.396700438436564,-0.305402139437021,0.317086262832593,-0.280502603346236,0.234087809196644,-0.562697345708461,-0.32200183016421,1.71976012928012,1.56206306737182,1.47076476837228,0.599281005194817,0.400084716468541,0.491383015468084,1.70316043855293,2.93983739772856,1.1055715723741,0.408384561832136,0.0929904380155317,-0.205803995073883,-0.031507242438391,0.0182918297431781,1.55376322200822,0.126189819469911,0.184288737015075,1.37116662400914,0.101290283379127,0.142789510197101,1.06407234555613,1.57036291273541,1.67826090246215,-0.197504149710288,0.0182918297431781,1.39606616009992,1.28816817037319,-0.122805541437934,-0.604196572526435,-0.670595335435194,-0.147705077528719,0.00169213901598853,0.408384561832136,-0.629096108617219,-0.272202757982641,0.109590128742722,-0.3386015208914,-0.0813063146199599,-1.04408837679696,-0.736994098343953,0.607580850558412,1.25496878891881,0.756978067103119,0.831676675375473,0.781877603193903,-0.629096108617219,-0.537797809617676,-0.728694252980358,-0.288802448709831,-0.629096108617219,-0.00660770634760629,0.698879149557955,2.15965193355065,0.831676675375473,0.989373737283774,1.40436600546352,0.483083170104489,0.325386108196187,0.217488118469454,-0.496298582799702,-0.00660770634760629,0.599281005194817,0.72377868564874,1.70316043855293,0.200888427742265,0.325386108196187,-0.662295490071599,-0.620796263253624,0.242387654560239,1.41266585082711,0.590981159831222,1.22176940746443,1.52056384055384,-0.263902912619046,-1.1353866757965,-0.637395953980814,-0.031507242438391
"Site_12",1.17197033528286,1.03917280946534,1.03087296410175,0.889775592920636,1.48736445909947,1.05577250019253,0.956174355829395,1.03087296410175,1.1138714177377,0.0763907472883421,-0.0896061599835549,0.151089355560696,-0.239003376528262,-0.728694252980358,-0.562697345708461,-0.662295490071599,-0.969389768524608,-0.446499510618133,0.350285644286972,-0.197504149710288,-1.04408837679696,-0.952790077797418,0.391784871104946,0.0680909019247473,-0.894691160252254,-1.60017801615782,-1.84087353170207,-2.29736502669978,-2.18946703697305,-2.51316100615325,-1.92387198533801,-1.92387198533801,-1.79937430488409,-1.4673804903403,-0.156004922892314,-1.52547940788546,-1.86577306779285,-1.70807600588455,-0.263902912619046,-0.263902912619046,-0.280502603346236,1.83595796437045,2.01025471700594,-0.562697345708461,-1.26818420161402,-1.16858605725088,-0.0647066238927702,-0.32200183016421,-0.280502603346236,0.441583943286515,1.16367048991927,0.474783324740894,0.358585489650567,0.773577757830309,-0.388400593072969,-0.662295490071599,-0.629096108617219,0.391784871104946,0.532882242286058,0.200888427742265,-0.487998737436107,-0.421599974527348,0.848276366102662,-1.33458296452278,-1.18518574797807,0.607580850558412,-0.189204304346693,-0.496298582799702,-0.363501056982185,-1.39268188206794,-1.19348559334167,0.831676675375473,1.47906461373587,-0.280502603346236,-0.288802448709831,0.375185180377756,0.732078531012335,-0.0481069331655806,0.101290283379127,-0.239003376528262,0.200888427742265,1.79445873755247,1.21346956210084,0.234087809196644,0.441583943286515,0.848276366102662,0.906375283647826,1.06407234555613,1.24666894355521,1.56206306737182
"Site_14",0.906375283647826,1.30476786110038,0.997673582647369,-0.230703531164667,-0.346901366254995,0.19258858237867,-0.936190387070228,-1.02748868606977,-0.554397500344866,-1.05238822216056,-1.15198636652369,-1.44248095424951,-1.22668497479605,0.366885335014162,0.441583943286515,0.483083170104489,0.341985798923377,0.0680909019247473,0.0348915204703678,0.234087809196644,1.66996105709855,0.549481933013248,-0.0564067785291754,0.0514912111975574,-0.396700438436564,-0.297102294073426,-0.114505696074339,0.590981159831222,-0.147705077528719,0.275587036014618,0.574381469104032,-0.172604613619503,-0.139405232165124,0.225787963833049,0.408384561832136,0.424984252559325,-0.546097654981271,-0.620796263253624,0.217488118469454,0.98107389192018,-0.363501056982185,-1.29308373770481,-1.53377925324906,-1.69977616052095,-1.50057987179468,-0.0813063146199599,-1.15198636652369,-1.21008528406886,-0.504598428163297,-0.712094562253168,-1.26818420161402,-1.50057987179468,-1.1436865211601,-0.230703531164667,1.01427327337456,-0.32200183016421,-0.994289304615392,-0.886391314888659,-1.55037894397625,-1.20178543870526,-1.56697863470344,-1.49228002643108,-1.7827746141569,-1.309683428432,-0.529497964254081,1.29646801573678,0.391784871104946,0.499682860831679,1.12217126310129,0.126189819469911,-0.297102294073426,-0.587596881799245,-1.37608219134075,-1.34288280988638,0.466483479377299,-0.35520121161859,0.375185180377756,-0.546097654981271,-0.529497964254081,-0.985989459251798,-1.3013835830684,-1.01088899534258,0.566081623740438,-0.421599974527348,-0.297102294073426,0.873175902193447,-0.562697345708461,-1.47568033570389,-1.27648404697762,-1.3013835830684
"Site_15",0.781877603193903,0.815076984648283,0.67397961346717,0.748678221739524,1.47076476837228,1.00597342801096,1.1138714177377,1.03087296410175,0.815076984648283,0.632480386649196,0.375185180377756,0.358585489650567,-0.139405232165124,-0.902991005615849,-0.944490232433823,-1.03578853143337,-1.05238822216056,-0.272202757982641,0.624180541285602,-0.0647066238927702,-0.35520121161859,-0.0398070878019858,0.566081623740438,0.250687499923834,-0.0481069331655806,-1.50887971715827,-1.9487715214288,-2.52976069688044,-2.38866332569933,-2.48826147006246,-2.23926610915462,-2.30566487206338,-2.17286734624586,-1.32628311915919,-0.487998737436107,-1.72467569661174,-2.28076533597259,-2.08986889260991,-0.330301675527805,-0.139405232165124,-0.214103840437477,1.24666894355521,1.99365502627875,-0.57929703643565,-1.20178543870526,-1.15198636652369,-0.139405232165124,0.151089355560696,-0.313701984800615,-0.0481069331655806,0.823376830011878,1.34626708791835,0.69057930419436,0.823376830011878,-0.230703531164667,-0.537797809617676,-0.570997191072055,0.0846905926519369,0.790177448557498,0.458183634013705,-0.288802448709831,-0.106205850710745,0.9478745104658,-1.22668497479605,-1.21838512943245,0.275587036014618,-0.330301675527805,-0.844892088070685,-0.562697345708461,-1.66657677906657,-1.40098172743154,0.615880695922007,1.47906461373587,-0.554397500344866,-0.35520121161859,0.400084716468541,0.624180541285602,-0.0979060053471495,0.15938920092429,-0.180904458983098,0.184288737015075,1.57036291273541,1.42096569619071,0.333685953559782,0.615880695922007,0.9478745104658,1.09727172701051,1.32136755182757,1.14707079919208,1.23006925282803
"Site_17",1.23836909819162,1.73635982000731,1.42096569619071,0.366885335014162,0.424984252559325,0.72377868564874,-0.421599974527348,-0.280502603346236,0.317086262832593,-0.255603067255452,0.17598889165148,-0.59589672716284,-0.313701984800615,1.67826090246215,1.46246492300868,1.41266585082711,0.582681314467627,0.458183634013705,0.499682860831679,1.50396414982665,2.90663801627418,1.14707079919208,0.458183634013705,0.184288737015075,-0.139405232165124,0.0597910565611525,0.109590128742722,1.62846183028058,0.217488118469454,0.20918827310586,1.25496878891881,0.167689046287885,0.151089355560696,0.96447420119299,1.47906461373587,1.5952624488262,-0.147705077528719,0.0348915204703678,1.29646801573678,1.30476786110038,-0.0647066238927702,-0.57929703643565,-0.670595335435194,-0.205803995073883,-0.0481069331655806,0.474783324740894,-0.570997191072055,-0.272202757982641,0.134489664833506,-0.330301675527805,-0.0896061599835549,-1.02748868606977,-0.728694252980358,0.541182087649653,1.27986832500959,0.732078531012335,0.69057930419436,0.740378376375929,-0.620796263253624,-0.546097654981271,-0.728694252980358,-0.330301675527805,-0.620796263253624,-0.0730064692563653,0.624180541285602,2.10155301600548,0.856576211466257,0.997673582647369,1.4292655415543,0.524582396922464,0.358585489650567,0.258987345287428,-0.479698892072512,0.00169213901598853,0.624180541285602,0.632480386649196,1.71146028391653,0.200888427742265,0.350285644286972,-0.653995644708004,-0.678895180798788,0.200888427742265,1.44586523228149,0.541182087649653,1.18027018064646,1.57036291273541,-0.222403685801072,-1.09388744897853,-0.645695799344409,0.0680909019247473
"Site_18",0.657379922739981,0.615880695922007,0.590981159831222,0.939574665102206,1.4292655415543,1.05577250019253,0.972774046556585,0.607580850558412,0.590981159831222,0.582681314467627,-0.0730064692563653,0.184288737015075,-0.604196572526435,-1.07728775825134,-1.309683428432,-1.1436865211601,-1.20178543870526,-0.687195026162383,0.96447420119299,-0.371800902345779,-0.994289304615392,-0.620796263253624,0.582681314467627,0.0182918297431781,-0.189204304346693,-1.23498482015964,-1.99857059361037,-2.51316100615325,-2.4218627071537,-2.35546394424495,-2.18116719160945,-2.18116719160945,-2.16456750088226,-1.15198636652369,-0.944490232433823,-2.18946703697305,-2.54636038760763,-2.1064685833371,-0.214103840437477,-0.297102294073426,-0.0979060053471495,1.62016198491698,1.47906461373587,-1.07728775825134,-1.55037894397625,-1.40098172743154,-0.214103840437477,-0.0730064692563653,-0.180904458983098,0.292186726741808,0.9478745104658,1.32136755182757,0.839976520739067,0.831676675375473,-0.487998737436107,-0.83659224270709,-0.778493325161927,-0.0398070878019858,0.765277912466714,0.200888427742265,-0.554397500344866,-0.388400593072969,0.424984252559325,-1.40928157279513,-1.55867878933984,0.151089355560696,-0.878091469525065,-0.944490232433823,-0.745293943707547,-1.26818420161402,-1.1436865211601,0.458183634013705,1.27986832500959,-0.587596881799245,-0.570997191072055,0.167689046287885,0.856576211466257,-0.197504149710288,-0.263902912619046,-0.106205850710745,0.391784871104946,1.72805997464372,1.08067203628332,0.217488118469454,0.350285644286972,0.765277912466714,0.806777139284688,0.898075438284231,0.873175902193447,1.14707079919208
"Site_19",1.15537064455567,1.01427327337456,1.08897188164691,0.856576211466257,1.38776631473633,1.02257311873815,0.914675129011421,0.9478745104658,1.03917280946534,0.00169213901598853,-0.272202757982641,-0.0481069331655806,-0.313701984800615,-0.795093015889116,-0.620796263253624,-0.662295490071599,-0.961089923161013,-0.521198118890486,0.242387654560239,-0.272202757982641,-1.07728775825134,-0.961089923161013,0.19258858237867,-0.0730064692563653,-0.861491778797875,-1.69147631515736,-1.84087353170207,-2.18116719160945,-2.07326920188272,-2.33056440815416,-1.91557213997442,-1.93217183070161,-1.83257368633847,-1.58357832543063,-0.247303221891857,-1.51717956252187,-1.89067260388364,-1.74127538733893,-0.346901366254995,-0.3386015208914,-0.32200183016421,1.7446596653709,1.87745719118842,-0.61249641789003,-1.37608219134075,-1.25158451088683,-0.114505696074339,-0.305402139437021,-0.32200183016421,0.43328409792292,0.997673582647369,0.375185180377756,0.308786417468998,0.624180541285602,-0.454799355981728,-0.753593789071142,-0.761893634434737,0.109590128742722,0.391784871104946,0.17598889165148,-0.529497964254081,-0.471399046708917,0.69057930419436,-1.35948250061357,-1.33458296452278,0.292186726741808,-0.280502603346236,-0.645695799344409,-0.537797809617676,-1.50057987179468,-1.37608219134075,0.649080077376386,1.4292655415543,-0.396700438436564,-0.429899819890943,0.258987345287428,0.615880695922007,-0.156004922892314,-0.0149075517112011,-0.346901366254995,0.0680909019247473,1.76125935609809,1.1055715723741,0.0597910565611525,0.258987345287428,0.72377868564874,0.798477293921093,1.03917280946534,1.16367048991927,1.45416507764509
"Site_20",1.25496878891881,1.47076476837228,1.30476786110038,0.225787963833049,-0.230703531164667,0.0514912111975574,-0.521198118890486,-0.645695799344409,-0.413300129163754,-0.637395953980814,-0.388400593072969,-0.894691160252254,-0.662295490071599,0.474783324740894,0.864876056829852,0.939574665102206,0.756978067103119,0.275587036014618,0.109590128742722,0.574381469104032,2.05175394382391,1.20516971673724,0.0763907472883421,-0.0896061599835549,-0.3386015208914,-0.247303221891857,-0.164304768255908,0.70717899492155,-0.205803995073883,-0.346901366254995,0.258987345287428,-0.263902912619046,-0.454799355981728,0.0597910565611525,0.732078531012335,1.13877095382848,-0.272202757982641,-0.297102294073426,0.300486572105403,1.13047110846489,-0.197504149710288,-0.819992551979901,-0.977689613888203,-1.06898791288775,-0.927890541706634,-0.00660770634760629,-0.803392861252711,-0.844892088070685,-0.32200183016421,-0.861491778797875,-0.620796263253624,-0.994289304615392,-0.861491778797875,-0.0730064692563653,1.28816817037319,0.109590128742722,-0.313701984800615,-0.106205850710745,-1.16028621188729,-1.05238822216056,-0.994289304615392,-1.01088899534258,-1.05238822216056,-0.83659224270709,-0.413300129163754,1.38776631473633,0.516282551558869,0.574381469104032,1.13877095382848,0.308786417468998,-0.122805541437934,-0.214103840437477,-0.778493325161927,-0.57929703643565,0.0348915204703678,-0.346901366254995,0.300486572105403,-0.0647066238927702,-0.272202757982641,-0.819992551979901,-1.01918884070618,-0.429899819890943,0.557781778376843,-0.263902912619046,0.117889974106316,0.898075438284231,-0.405000283800159,-1.19348559334167,-1.18518574797807,-0.886391314888659
"Site_21",1.57866275809901,1.51226399519025,1.4375653869179,1.51226399519025,1.96875549018797,1.57036291273541,1.45416507764509,1.55376322200822,1.35456693328195,1.1138714177377,0.566081623740438,0.889775592920636,0.20918827310586,-0.031507242438391,0.126189819469911,0.0680909019247473,-0.305402139437021,0.0597910565611525,1.08067203628332,0.17598889165148,-0.371800902345779,-0.263902912619046,1.09727172701051,0.632480386649196,0.109590128742722,-0.496298582799702,-1.309683428432,-1.50887971715827,-1.53377925324906,-1.47568033570389,-1.80767415024769,-1.6250775522486,-1.35948250061357,-0.902991005615849,0.408384561832136,-1.60017801615782,-1.72467569661174,-1.47568033570389,0.308786417468998,0.20918827310586,0.615880695922007,2.29244945936816,3.14733353181843,-0.380100747709374,-0.85319193343428,-0.795093015889116,0.0846905926519369,0.582681314467627,0.532882242286058,0.557781778376843,1.65336136637136,0.649080077376386,0.416684407195731,1.78615889218888,-0.131105386801529,-0.421599974527348,-0.0896061599835549,2.0766534799147,1.09727172701051,0.151089355560696,-0.471399046708917,-0.180904458983098,1.47906461373587,-1.21838512943245,-0.471399046708917,1.70316043855293,-0.00660770634760629,0.292186726741808,0.275587036014618,-0.222403685801072,0.574381469104032,1.81935827364326,1.76125935609809,0.151089355560696,0.391784871104946,1.46246492300868,2.10985286136908,0.242387654560239,0.632480386649196,1.02257311873815,1.87745719118842,2.12645255209627,1.46246492300868,0.748678221739524,0.997673582647369,1.08067203628332,1.13047110846489,1.15537064455567,1.7446596653709,2.09325317064189
"Site_22",0.632480386649196,0.458183634013705,0.424984252559325,0.682279458830765,1.271568479646,0.848276366102662,0.424984252559325,0.109590128742722,0.258987345287428,0.0265916751067732,-0.529497964254081,-0.147705077528719,-1.15198636652369,-1.54207909861265,-1.74957523270252,-1.39268188206794,-1.31798327379559,-0.844892088070685,0.665679768103576,-0.745293943707547,-1.33458296452278,-0.786793170525521,0.391784871104946,-0.280502603346236,-0.629096108617219,-1.74957523270252,-2.43846239788089,-2.70405744951593,-2.67915791342514,-2.71235729487952,-2.47996162469887,-2.57125992369841,-2.47996162469887,-1.31798327379559,-1.25988435625043,-2.62935884124358,-2.77045621242469,-2.01517028433756,-0.288802448709831,-0.629096108617219,-0.239003376528262,1.5952624488262,1.23836909819162,-1.22668497479605,-1.79937430488409,-1.43418110888592,-0.487998737436107,-0.3386015208914,-0.139405232165124,0.308786417468998,0.649080077376386,0.873175902193447,0.590981159831222,0.532882242286058,-0.86979162416147,-1.26818420161402,-1.01088899534258,0.0182918297431781,0.325386108196187,-0.230703531164667,-1.03578853143337,-0.703794716889573,0.0680909019247473,-1.89897244924723,-1.88237275852004,-0.0149075517112011,-1.26818420161402,-1.22668497479605,-1.07728775825134,-1.57527848006703,-1.41758141815873,0.317086262832593,1.03917280946534,-0.944490232433823,-0.886391314888659,0.0680909019247473,0.781877603193903,-0.678895180798788,-0.604196572526435,-0.413300129163754,0.350285644286972,1.7446596653709,0.715478840285145,-0.00660770634760629,0.184288737015075,0.44988378865011,0.541182087649653,0.458183634013705,0.599281005194817,0.997673582647369
"Site_23",1.15537064455567,1.02257311873815,1.09727172701051,0.856576211466257,1.38776631473633,1.03087296410175,0.914675129011421,0.956174355829395,1.04747265482894,0.0182918297431781,-0.263902912619046,-0.0398070878019858,-0.313701984800615,-0.786793170525521,-0.620796263253624,-0.653995644708004,-0.952790077797418,-0.521198118890486,0.242387654560239,-0.272202757982641,-1.06898791288775,-0.944490232433823,0.200888427742265,-0.0730064692563653,-0.844892088070685,-1.68317646979376,-1.82427384097488,-2.16456750088226,-2.05666951115553,-2.31396471742697,-1.91557213997442,-1.91557213997442,-1.81597399561128,-1.56697863470344,-0.222403685801072,-1.51717956252187,-1.88237275852004,-1.74127538733893,-0.330301675527805,-0.32200183016421,-0.305402139437021,1.7529595107345,1.9106565726428,-0.604196572526435,-1.35948250061357,-1.24328466552324,-0.114505696074339,-0.288802448709831,-0.32200183016421,0.424984252559325,1.00597342801096,0.383485025741351,0.308786417468998,0.649080077376386,-0.446499510618133,-0.745293943707547,-0.753593789071142,0.151089355560696,0.408384561832136,0.17598889165148,-0.529497964254081,-0.471399046708917,0.698879149557955,-1.35948250061357,-1.33458296452278,0.308786417468998,-0.280502603346236,-0.637395953980814,-0.529497964254081,-1.48398018106749,-1.35118265524997,0.657379922739981,1.4292655415543,-0.388400593072969,-0.421599974527348,0.267287190651023,0.632480386649196,-0.156004922892314,-0.0149075517112011,-0.3386015208914,0.0846905926519369,1.76125935609809,1.1138714177377,0.0597910565611525,0.267287190651023,0.72377868564874,0.798477293921093,1.03087296410175,1.17197033528286,1.45416507764509
"Site_25",1.01427327337456,1.38776631473633,1.17197033528286,-0.156004922892314,-0.205803995073883,0.234087809196644,-0.720394407616763,-0.819992551979901,-0.620796263253624,-0.819992551979901,-0.844892088070685,-1.1436865211601,-1.03578853143337,0.599281005194817,0.657379922739981,0.682279458830765,0.557781778376843,0.250687499923834,0.20918827310586,0.325386108196187,1.57866275809901,0.682279458830765,0.134489664833506,0.292186726741808,-0.156004922892314,-0.0896061599835549,0.0348915204703678,0.408384561832136,-0.0398070878019858,0.234087809196644,0.441583943286515,0.0846905926519369,0.0265916751067732,0.308786417468998,0.483083170104489,0.516282551558869,-0.380100747709374,-0.438199665254538,0.15938920092429,1.00597342801096,-0.380100747709374,-1.36778234597716,-1.35118265524997,-1.38438203670435,-1.34288280988638,-0.156004922892314,-1.01088899534258,-1.04408837679696,-0.429899819890943,-0.736994098343953,-1.11048713970572,-1.25158451088683,-0.952790077797418,-0.172604613619503,1.09727172701051,-0.0564067785291754,-0.728694252980358,-0.745293943707547,-1.39268188206794,-1.18518574797807,-1.48398018106749,-1.50887971715827,-1.89897244924723,-0.969389768524608,-0.471399046708917,1.18027018064646,0.67397961346717,0.956174355829395,0.823376830011878,0.350285644286972,-0.463099201345323,-0.521198118890486,-1.18518574797807,-1.16028621188729,0.43328409792292,-0.0979060053471495,0.258987345287428,-0.380100747709374,-0.189204304346693,-1.05238822216056,-1.33458296452278,-1.17688590261448,0.424984252559325,-0.139405232165124,-0.0232073970747959,1.02257311873815,-0.346901366254995,-1.39268188206794,-1.06068806752415,-1.08558760361494
"Site_26",1.48736445909947,1.45416507764509,1.35456693328195,1.44586523228149,1.94385595409718,1.47076476837228,1.34626708791835,1.49566430446306,1.31306770646397,0.997673582647369,0.516282551558869,0.831676675375473,0.151089355560696,-0.106205850710745,0.0846905926519369,-0.031507242438391,-0.380100747709374,0.0265916751067732,1.02257311873815,0.109590128742722,-0.454799355981728,-0.32200183016421,1.07237219091972,0.574381469104032,0.0348915204703678,-0.57929703643565,-1.36778234597716,-1.60847786152141,-1.6250775522486,-1.55867878933984,-1.81597399561128,-1.6333773976122,-1.36778234597716,-0.919590696343039,0.408384561832136,-1.60017801615782,-1.73297554197533,-1.49228002643108,0.300486572105403,0.200888427742265,0.590981159831222,2.27584976864097,3.11413415036405,-0.388400593072969,-0.861491778797875,-0.811692706616306,0.0763907472883421,0.557781778376843,0.499682860831679,0.541182087649653,1.63676167564417,0.640780232012791,0.408384561832136,1.7529595107345,-0.139405232165124,-0.429899819890943,-0.114505696074339,2.03515425309672,1.08067203628332,0.151089355560696,-0.471399046708917,-0.205803995073883,1.42096569619071,-1.24328466552324,-0.537797809617676,1.61186213955339,-0.0232073970747959,0.225787963833049,0.225787963833049,-0.305402139437021,0.44988378865011,1.7446596653709,1.7446596653709,0.109590128742722,0.333685953559782,1.38776631473633,2.01025471700594,0.20918827310586,0.582681314467627,0.931274819738611,1.7446596653709,2.09325317064189,1.4375653869179,0.698879149557955,0.9478745104658,1.05577250019253,1.1055715723741,1.14707079919208,1.70316043855293,2.02685440773313
"Site_28",1.271568479646,1.47906461373587,1.36286677864554,0.317086262832593,-0.255603067255452,0.0846905926519369,-0.554397500344866,-0.670595335435194,-0.454799355981728,-0.645695799344409,-0.421599974527348,-0.944490232433823,-0.695494871525978,0.499682860831679,0.765277912466714,0.864876056829852,0.698879149557955,0.267287190651023,0.109590128742722,0.391784871104946,2.02685440773313,1.18857002601005,0.0348915204703678,-0.031507242438391,-0.346901366254995,-0.180904458983098,-0.0896061599835549,0.781877603193903,-0.139405232165124,-0.313701984800615,0.258987345287428,-0.272202757982641,-0.380100747709374,-0.114505696074339,0.590981159831222,0.914675129011421,-0.272202757982641,-0.288802448709831,0.267287190651023,1.1055715723741,-0.189204304346693,-0.85319193343428,-1.02748868606977,-1.16028621188729,-1.01088899534258,0.0597910565611525,-0.811692706616306,-0.819992551979901,-0.346901366254995,-0.894691160252254,-0.736994098343953,-1.04408837679696,-0.902991005615849,-0.031507242438391,1.24666894355521,0.0597910565611525,-0.454799355981728,-0.164304768255908,-1.21838512943245,-1.09388744897853,-1.11048713970572,-1.06068806752415,-1.09388744897853,-0.969389768524608,-0.537797809617676,1.29646801573678,0.541182087649653,0.599281005194817,1.18857002601005,0.350285644286972,-0.0647066238927702,-0.230703531164667,-0.819992551979901,-0.61249641789003,0.0265916751067732,-0.454799355981728,0.250687499923834,-0.0730064692563653,-0.189204304346693,-0.828292397343495,-1.12708683043291,-0.504598428163297,0.640780232012791,-0.346901366254995,0.0597910565611525,1.04747265482894,-0.371800902345779,-1.16858605725088,-1.19348559334167,-0.952790077797418
"Site_30",1.1055715723741,1.50396414982665,1.39606616009992,0.325386108196187,0.0431913658339628,0.317086262832593,-0.421599974527348,-0.487998737436107,-0.280502603346236,-0.521198118890486,-0.363501056982185,-0.83659224270709,-0.728694252980358,1.06407234555613,1.08897188164691,1.12217126310129,0.582681314467627,0.184288737015075,0.217488118469454,0.516282551558869,2.09325317064189,1.02257311873815,0.184288737015075,0.234087809196644,-0.0398070878019858,0.0182918297431781,0.0846905926519369,1.13047110846489,0.0846905926519369,-0.0232073970747959,0.72377868564874,0.126189819469911,-0.0232073970747959,0.200888427742265,0.864876056829852,1.14707079919208,-0.230703531164667,-0.247303221891857,0.557781778376843,1.06407234555613,-0.172604613619503,-0.795093015889116,-0.886391314888659,-0.795093015889116,-0.712094562253168,0.350285644286972,-0.653995644708004,-0.637395953980814,-0.122805541437934,-0.587596881799245,-0.529497964254081,-1.07728775825134,-0.944490232433823,0.0846905926519369,1.25496878891881,0.234087809196644,-0.122805541437934,0.250687499923834,-0.911290850979444,-0.85319193343428,-1.06068806752415,-1.00258914997899,-0.977689613888203,-0.745293943707547,-0.380100747709374,1.44586523228149,0.615880695922007,0.632480386649196,1.31306770646397,0.43328409792292,0.0348915204703678,-0.031507242438391,-0.695494871525978,-0.421599974527348,0.283886881378213,-0.239003376528262,0.781877603193903,-0.0813063146199599,0.00169213901598853,-0.85319193343428,-1.11048713970572,-0.736994098343953,0.956174355829395,-0.180904458983098,0.0680909019247473,1.28816817037319,-0.305402139437021,-1.18518574797807,-1.12708683043291,-0.645695799344409
"Site_31",1.56206306737182,1.52056384055384,1.4292655415543,1.44586523228149,1.97705533555156,1.54546337664463,1.46246492300868,1.56206306737182,1.37946646937273,1.08897188164691,0.632480386649196,0.956174355829395,0.234087809196644,-0.0232073970747959,0.167689046287885,0.0763907472883421,-0.297102294073426,0.0929904380155317,1.1138714177377,0.20918827310586,-0.35520121161859,-0.230703531164667,1.16367048991927,0.682279458830765,0.126189819469911,-0.496298582799702,-1.27648404697762,-1.50057987179468,-1.50887971715827,-1.45078079961311,-1.7827746141569,-1.59187817079422,-1.28478389234121,-0.844892088070685,0.507982706195274,-1.60017801615782,-1.69147631515736,-1.47568033570389,0.366885335014162,0.250687499923834,0.607580850558412,2.34224853154973,3.2054324493636,-0.330301675527805,-0.811692706616306,-0.770193479798332,0.0929904380155317,0.549481933013248,0.416684407195731,0.424984252559325,1.71976012928012,0.715478840285145,0.424984252559325,1.86915734582483,-0.0896061599835549,-0.35520121161859,-0.0398070878019858,2.27584976864097,1.17197033528286,0.15938920092429,-0.438199665254538,-0.197504149710288,1.56206306737182,-1.17688590261448,-0.471399046708917,1.79445873755247,0.0929904380155317,0.308786417468998,0.383485025741351,-0.230703531164667,0.665679768103576,1.86915734582483,1.79445873755247,0.234087809196644,0.43328409792292,1.40436600546352,2.04345409846032,0.325386108196187,0.682279458830765,0.922974974375016,1.77785904682528,2.09325317064189,1.51226399519025,0.823376830011878,1.05577250019253,1.15537064455567,1.18857002601005,1.16367048991927,1.73635982000731,1.96045564482437
"Site_32",0.649080077376386,0.474783324740894,0.441583943286515,0.698879149557955,1.27986832500959,0.856576211466257,0.44988378865011,0.134489664833506,0.275587036014618,0.0597910565611525,-0.512898273526892,-0.122805541437934,-1.11878698506932,-1.51717956252187,-1.73297554197533,-1.36778234597716,-1.3013835830684,-0.83659224270709,0.682279458830765,-0.728694252980358,-1.309683428432,-0.786793170525521,0.391784871104946,-0.272202757982641,-0.604196572526435,-1.71637585124814,-2.39696317106292,-2.67915791342514,-2.66255822269796,-2.67915791342514,-2.45506208860808,-2.55466023297122,-2.46336193397168,-1.32628311915919,-1.24328466552324,-2.5961594597892,-2.73725683097031,-2.01517028433756,-0.297102294073426,-0.604196572526435,-0.239003376528262,1.57866275809901,1.23836909819162,-1.20178543870526,-1.79937430488409,-1.44248095424951,-0.479698892072512,-0.32200183016421,-0.139405232165124,0.317086262832593,0.657379922739981,0.898075438284231,0.590981159831222,0.541182087649653,-0.844892088070685,-1.23498482015964,-1.01088899534258,0.0265916751067732,0.333685953559782,-0.205803995073883,-1.00258914997899,-0.695494871525978,0.0929904380155317,-1.87407291315645,-1.85747322242926,-0.0149075517112011,-1.25158451088683,-1.21008528406886,-1.06898791288775,-1.57527848006703,-1.42588126352232,0.317086262832593,1.05577250019253,-0.919590696343039,-0.878091469525065,0.0514912111975574,0.765277912466714,-0.653995644708004,-0.587596881799245,-0.405000283800159,0.341985798923377,1.73635982000731,0.715478840285145,0.00169213901598853,0.184288737015075,0.458183634013705,0.549481933013248,0.474783324740894,0.615880695922007,1.01427327337456
"Site_33",1.24666894355521,1.66166121173496,1.29646801573678,0.283886881378213,0.325386108196187,0.557781778376843,-0.429899819890943,-0.380100747709374,0.17598889165148,-0.3386015208914,0.117889974106316,-0.61249641789003,-0.371800902345779,1.40436600546352,1.38776631473633,1.32966739719116,0.649080077376386,0.358585489650567,0.408384561832136,1.52056384055384,2.69914188218431,1.14707079919208,0.350285644286972,0.0265916751067732,-0.255603067255452,-0.0896061599835549,-0.031507242438391,1.30476786110038,0.0265916751067732,0.0514912111975574,1.14707079919208,0.0348915204703678,0.0514912111975574,0.873175902193447,1.42096569619071,1.57866275809901,-0.205803995073883,-0.0398070878019858,1.17197033528286,1.2632686342824,-0.131105386801529,-0.637395953980814,-0.712094562253168,-0.305402139437021,-0.147705077528719,0.350285644286972,-0.662295490071599,-0.363501056982185,0.0182918297431781,-0.471399046708917,-0.180904458983098,-1.03578853143337,-0.745293943707547,0.541182087649653,1.271568479646,0.657379922739981,0.632480386649196,0.615880695922007,-0.736994098343953,-0.629096108617219,-0.770193479798332,-0.438199665254538,-0.753593789071142,-0.156004922892314,0.507982706195274,2.05175394382391,0.765277912466714,0.922974974375016,1.35456693328195,0.441583943286515,0.225787963833049,0.134489664833506,-0.554397500344866,-0.114505696074339,0.483083170104489,0.566081623740438,1.40436600546352,0.151089355560696,0.217488118469454,-0.678895180798788,-0.695494871525978,0.117889974106316,1.24666894355521,0.441583943286515,1.03087296410175,1.40436600546352,-0.297102294073426,-1.15198636652369,-0.728694252980358,-0.239003376528262
"Site_34",1.47906461373587,1.2632686342824,1.17197033528286,1.18857002601005,1.73635982000731,1.30476786110038,1.271568479646,1.27986832500959,1.271568479646,0.898075438284231,0.541182087649653,0.682279458830765,0.00169213901598853,-0.371800902345779,-0.247303221891857,-0.247303221891857,-0.487998737436107,-0.0813063146199599,0.864876056829852,0.0348915204703678,-0.529497964254081,-0.263902912619046,1.07237219091972,0.441583943286515,-0.280502603346236,-1.09388744897853,-1.40928157279513,-1.69977616052095,-1.72467569661174,-1.84917337706566,-1.85747322242926,-1.84087353170207,-1.6333773976122,-0.736994098343953,0.19258858237867,-1.60017801615782,-1.81597399561128,-1.77447476879331,0.0348915204703678,0.126189819469911,0.184288737015075,1.99365502627875,2.60784358318477,-0.288802448709831,-0.811692706616306,-0.894691160252254,0.00999198437958334,-0.00660770634760629,-0.214103840437477,0.184288737015075,1.5869626034626,1.01427327337456,0.466483479377299,1.36286677864554,-0.172604613619503,-0.371800902345779,-0.255603067255452,1.41266585082711,1.06407234555613,0.15938920092429,-0.371800902345779,-0.380100747709374,1.23836909819162,-1.21838512943245,-0.936190387070228,1.37116662400914,0.117889974106316,0.0348915204703678,0.217488118469454,-0.944490232433823,-0.529497964254081,1.37116662400914,1.62846183028058,0.0680909019247473,0.101290283379127,0.889775592920636,1.07237219091972,0.275587036014618,0.375185180377756,0.200888427742265,0.682279458830765,1.86085750046123,1.54546337664463,0.773577757830309,0.873175902193447,1.22176940746443,1.21346956210084,0.956174355829395,1.21346956210084,1.80275858291607
"Site_36",1.28816817037319,1.4375653869179,1.32966739719116,0.258987345287428,-0.330301675527805,-0.0481069331655806,-0.546097654981271,-0.695494871525978,-0.521198118890486,-0.670595335435194,-0.454799355981728,-0.977689613888203,-0.720394407616763,0.333685953559782,0.765277912466714,0.864876056829852,0.748678221739524,0.275587036014618,0.0763907472883421,0.383485025741351,1.93555610873359,1.19686987137365,-0.0149075517112011,-0.0979060053471495,-0.346901366254995,-0.255603067255452,-0.172604613619503,0.624180541285602,-0.239003376528262,-0.405000283800159,0.184288737015075,-0.32200183016421,-0.487998737436107,-0.147705077528719,0.599281005194817,1.02257311873815,-0.280502603346236,-0.330301675527805,0.200888427742265,1.1055715723741,-0.205803995073883,-0.85319193343428,-1.00258914997899,-1.21008528406886,-1.06898791288775,-0.0398070878019858,-0.83659224270709,-0.894691160252254,-0.405000283800159,-0.936190387070228,-0.753593789071142,-1.01088899534258,-0.911290850979444,-0.114505696074339,1.2632686342824,0.0265916751067732,-0.487998737436107,-0.230703531164667,-1.25158451088683,-1.12708683043291,-1.06898791288775,-1.07728775825134,-1.09388744897853,-0.977689613888203,-0.537797809617676,1.30476786110038,0.507982706195274,0.557781778376843,1.13877095382848,0.308786417468998,-0.139405232165124,-0.239003376528262,-0.828292397343495,-0.637395953980814,-0.0149075517112011,-0.487998737436107,0.17598889165148,-0.0730064692563653,-0.272202757982641,-0.83659224270709,-1.1436865211601,-0.496298582799702,0.524582396922464,-0.371800902345779,0.0265916751067732,0.931274819738611,-0.405000283800159,-1.19348559334167,-1.24328466552324,-1.06898791288775
"Site_37",1.23836909819162,1.49566430446306,1.37946646937273,0.333685953559782,-0.230703531164667,0.117889974106316,-0.562697345708461,-0.653995644708004,-0.429899819890943,-0.629096108617219,-0.429899819890943,-0.936190387070228,-0.703794716889573,0.590981159831222,0.773577757830309,0.873175902193447,0.657379922739981,0.275587036014618,0.134489664833506,0.400084716468541,2.01855456236953,1.17197033528286,0.0763907472883421,0.00169213901598853,-0.313701984800615,-0.147705077528719,-0.0564067785291754,0.873175902193447,-0.0896061599835549,-0.263902912619046,0.317086262832593,-0.205803995073883,-0.313701984800615,-0.0564067785291754,0.607580850558412,0.906375283647826,-0.255603067255452,-0.263902912619046,0.308786417468998,1.12217126310129,-0.164304768255908,-0.828292397343495,-1.01918884070618,-1.12708683043291,-0.969389768524608,0.109590128742722,-0.770193479798332,-0.770193479798332,-0.305402139437021,-0.861491778797875,-0.695494871525978,-1.06068806752415,-0.902991005615849,0.00169213901598853,1.23006925282803,0.0846905926519369,-0.429899819890943,-0.122805541437934,-1.18518574797807,-1.06068806752415,-1.11878698506932,-1.04408837679696,-1.09388744897853,-0.944490232433823,-0.479698892072512,1.31306770646397,0.574381469104032,0.632480386649196,1.23836909819162,0.408384561832136,-0.00660770634760629,-0.147705077528719,-0.803392861252711,-0.57929703643565,0.101290283379127,-0.413300129163754,0.400084716468541,-0.0730064692563653,-0.0896061599835549,-0.795093015889116,-1.16028621188729,-0.562697345708461,0.773577757830309,-0.247303221891857,0.19258858237867,1.15537064455567,-0.330301675527805,-1.1353866757965,-1.11878698506932,-0.878091469525065
"Site_38",1.18857002601005,1.05577250019253,1.08067203628332,0.906375283647826,1.44586523228149,1.06407234555613,0.96447420119299,1.01427327337456,1.08897188164691,0.0929904380155317,-0.156004922892314,0.0763907472883421,-0.263902912619046,-0.728694252980358,-0.562697345708461,-0.629096108617219,-0.944490232433823,-0.471399046708917,0.333685953559782,-0.222403685801072,-1.02748868606977,-0.919590696343039,0.333685953559782,0.0265916751067732,-0.819992551979901,-1.60847786152141,-1.80767415024769,-2.18116719160945,-2.08156904724632,-2.35546394424495,-1.91557213997442,-1.93217183070161,-1.81597399561128,-1.55037894397625,-0.214103840437477,-1.51717956252187,-1.87407291315645,-1.71637585124814,-0.313701984800615,-0.305402139437021,-0.305402139437021,1.77785904682528,1.9189564180064,-0.587596881799245,-1.32628311915919,-1.21838512943245,-0.0896061599835549,-0.313701984800615,-0.297102294073426,0.441583943286515,1.07237219091972,0.416684407195731,0.333685953559782,0.67397961346717,-0.421599974527348,-0.712094562253168,-0.703794716889573,0.225787963833049,0.458183634013705,0.184288737015075,-0.504598428163297,-0.438199665254538,0.781877603193903,-1.32628311915919,-1.24328466552324,0.441583943286515,-0.222403685801072,-0.562697345708461,-0.446499510618133,-1.43418110888592,-1.27648404697762,0.748678221739524,1.45416507764509,-0.330301675527805,-0.346901366254995,0.325386108196187,0.682279458830765,-0.0896061599835549,0.0514912111975574,-0.280502603346236,0.151089355560696,1.77785904682528,1.16367048991927,0.151089355560696,0.358585489650567,0.790177448557498,0.856576211466257,1.05577250019253,1.20516971673724,1.52886368591744
"Site_39",0.906375283647826,1.33796724255476,1.06407234555613,-0.313701984800615,-0.363501056982185,0.142789510197101,-0.902991005615849,-0.985989459251798,-0.712094562253168,-0.936190387070228,-0.952790077797418,-1.29308373770481,-1.20178543870526,0.44988378865011,0.516282551558869,0.574381469104032,0.44988378865011,0.0929904380155317,0.126189819469911,0.250687499923834,1.62846183028058,0.607580850558412,0.0182918297431781,0.19258858237867,-0.380100747709374,-0.280502603346236,-0.031507242438391,0.391784871104946,-0.164304768255908,0.292186726741808,0.416684407195731,0.00999198437958334,-0.0398070878019858,0.308786417468998,0.424984252559325,0.466483479377299,-0.396700438436564,-0.479698892072512,0.134489664833506,0.956174355829395,-0.388400593072969,-1.56697863470344,-1.56697863470344,-1.51717956252187,-1.4673804903403,-0.429899819890943,-1.08558760361494,-1.12708683043291,-0.413300129163754,-0.645695799344409,-1.1436865211601,-1.4590806449767,-1.01918884070618,-0.239003376528262,1.08897188164691,-0.180904458983098,-0.886391314888659,-0.786793170525521,-1.4673804903403,-1.25988435625043,-1.50887971715827,-1.55037894397625,-1.93217183070161,-1.02748868606977,-0.562697345708461,1.22176940746443,0.599281005194817,0.881475747557042,0.848276366102662,0.292186726741808,-0.388400593072969,-0.653995644708004,-1.28478389234121,-1.19348559334167,0.458183634013705,-0.139405232165124,0.258987345287428,-0.562697345708461,-0.3386015208914,-1.20178543870526,-1.4590806449767,-1.28478389234121,0.43328409792292,-0.247303221891857,-0.131105386801529,0.914675129011421,-0.380100747709374,-1.50057987179468,-1.09388744897853,-1.17688590261448
"Site_41",1.25496878891881,1.71976012928012,1.32966739719116,0.325386108196187,0.474783324740894,0.69057930419436,-0.429899819890943,-0.297102294073426,0.333685953559782,-0.247303221891857,0.242387654560239,-0.546097654981271,-0.280502603346236,1.66166121173496,1.52886368591744,1.4375653869179,0.607580850558412,0.408384561832136,0.499682860831679,1.7446596653709,2.89003832554699,1.13047110846489,0.441583943286515,0.0763907472883421,-0.214103840437477,-0.0232073970747959,0.0348915204703678,1.51226399519025,0.109590128742722,0.17598889165148,1.27986832500959,0.0763907472883421,0.126189819469911,0.972774046556585,1.50396414982665,1.62846183028058,-0.197504149710288,0.00169213901598853,1.30476786110038,1.27986832500959,-0.106205850710745,-0.61249641789003,-0.678895180798788,-0.197504149710288,-0.0398070878019858,0.400084716468541,-0.637395953980814,-0.297102294073426,0.0680909019247473,-0.405000283800159,-0.114505696074339,-1.04408837679696,-0.728694252980358,0.624180541285602,1.2632686342824,0.72377868564874,0.748678221739524,0.70717899492155,-0.670595335435194,-0.562697345708461,-0.736994098343953,-0.346901366254995,-0.687195026162383,-0.0564067785291754,0.632480386649196,2.14305224282346,0.815076984648283,0.972774046556585,1.38776631473633,0.466483479377299,0.292186726741808,0.19258858237867,-0.512898273526892,-0.0398070878019858,0.549481933013248,0.67397961346717,1.57866275809901,0.200888427742265,0.292186726741808,-0.662295490071599,-0.645695799344409,0.20918827310586,1.35456693328195,0.532882242286058,1.16367048991927,1.47906461373587,-0.272202757982641,-1.1353866757965,-0.662295490071599,-0.0564067785291754
"Site_42",1.4292655415543,1.13047110846489,1.08067203628332,1.13877095382848,1.61186213955339,1.23836909819162,1.13047110846489,1.15537064455567,1.19686987137365,0.881475747557042,0.400084716468541,0.541182087649653,-0.114505696074339,-0.487998737436107,-0.396700438436564,-0.363501056982185,-0.604196572526435,-0.164304768255908,0.756978067103119,-0.0564067785291754,-0.629096108617219,-0.3386015208914,0.997673582647369,0.292186726741808,-0.405000283800159,-1.32628311915919,-1.47568033570389,-1.9404716760652,-1.93217183070161,-2.1147684287007,-2.05666951115553,-2.04836966579194,-1.79937430488409,-0.969389768524608,0.00169213901598853,-1.6250775522486,-1.91557213997442,-1.80767415024769,-0.0896061599835549,0.0514912111975574,0.0846905926519369,1.86915734582483,2.30904915009535,-0.371800902345779,-0.919590696343039,-0.985989459251798,0.00999198437958334,-0.114505696074339,-0.247303221891857,0.341985798923377,1.47906461373587,0.972774046556585,0.44988378865011,1.18857002601005,-0.255603067255452,-0.471399046708917,-0.396700438436564,1.07237219091972,0.931274819738611,0.15938920092429,-0.371800902345779,-0.363501056982185,1.13877095382848,-1.28478389234121,-1.08558760361494,1.21346956210084,0.0431913658339628,-0.0398070878019858,0.0763907472883421,-1.10218729434213,-0.803392861252711,1.24666894355521,1.5869626034626,-0.0564067785291754,-0.0232073970747959,0.806777139284688,0.939574665102206,0.19258858237867,0.267287190651023,0.142789510197101,0.391784871104946,1.84425780973404,1.50396414982665,0.682279458830765,0.781877603193903,1.12217126310129,1.13047110846489,0.972774046556585,1.08067203628332,1.79445873755247
"Site_44",0.765277912466714,0.798477293921093,0.657379922739981,0.740378376375929,1.47076476837228,0.997673582647369,1.12217126310129,1.01427327337456,0.790177448557498,0.632480386649196,0.375185180377756,0.358585489650567,-0.164304768255908,-0.927890541706634,-0.969389768524608,-1.08558760361494,-1.09388744897853,-0.288802448709831,0.624180541285602,-0.0896061599835549,-0.388400593072969,-0.0481069331655806,0.566081623740438,0.250687499923834,-0.0564067785291754,-1.51717956252187,-1.95707136679239,-2.56296007833482,-2.4301625525173,-2.52146085151684,-2.22266641842743,-2.28906518133619,-2.16456750088226,-1.33458296452278,-0.504598428163297,-1.74127538733893,-2.28076533597259,-2.08156904724632,-0.346901366254995,-0.131105386801529,-0.214103840437477,1.23006925282803,1.97705533555156,-0.587596881799245,-1.21008528406886,-1.16028621188729,-0.147705077528719,0.142789510197101,-0.313701984800615,-0.0564067785291754,0.806777139284688,1.35456693328195,0.69057930419436,0.823376830011878,-0.230703531164667,-0.537797809617676,-0.57929703643565,0.0763907472883421,0.781877603193903,0.458183634013705,-0.297102294073426,-0.122805541437934,0.931274819738611,-1.24328466552324,-1.24328466552324,0.275587036014618,-0.3386015208914,-0.83659224270709,-0.570997191072055,-1.65827693370298,-1.40098172743154,0.615880695922007,1.47906461373587,-0.546097654981271,-0.35520121161859,0.400084716468541,0.624180541285602,-0.0896061599835549,0.151089355560696,-0.164304768255908,0.19258858237867,1.57866275809901,1.42096569619071,0.333685953559782,0.599281005194817,0.956174355829395,1.09727172701051,1.30476786110038,1.14707079919208,1.23006925282803
"Site_46",1.08067203628332,1.52886368591744,1.48736445909947,0.44988378865011,0.117889974106316,0.341985798923377,-0.32200183016421,-0.405000283800159,-0.222403685801072,-0.487998737436107,-0.313701984800615,-0.736994098343953,-0.653995644708004,1.06407234555613,1.12217126310129,1.23836909819162,0.632480386649196,0.267287190651023,0.20918827310586,0.43328409792292,2.17625162427784,1.07237219091972,0.20918827310586,0.308786417468998,-0.0149075517112011,0.0514912111975574,0.126189819469911,1.32966739719116,0.20918827310586,0.0182918297431781,0.798477293921093,0.267287190651023,0.00169213901598853,0.317086262832593,0.848276366102662,1.22176940746443,-0.131105386801529,-0.139405232165124,0.715478840285145,1.18027018064646,-0.0647066238927702,-0.703794716889573,-0.720394407616763,-0.629096108617219,-0.554397500344866,0.416684407195731,-0.537797809617676,-0.537797809617676,0.00169213901598853,-0.388400593072969,-0.405000283800159,-0.985989459251798,-0.886391314888659,-0.0647066238927702,1.31306770646397,0.350285644286972,0.0182918297431781,0.466483479377299,-0.728694252980358,-0.712094562253168,-0.861491778797875,-0.703794716889573,-0.662295490071599,-0.629096108617219,-0.255603067255452,1.46246492300868,0.72377868564874,0.740378376375929,1.37116662400914,0.549481933013248,0.275587036014618,0.151089355560696,-0.570997191072055,-0.313701984800615,0.44988378865011,-0.197504149710288,1.2632686342824,-0.0398070878019858,0.0680909019247473,-0.803392861252711,-1.04408837679696,-0.653995644708004,1.16367048991927,0.0265916751067732,0.424984252559325,1.4292655415543,-0.189204304346693,-1.04408837679696,-0.961089923161013,-0.512898273526892
"Site_47",0.765277912466714,0.640780232012791,0.615880695922007,0.839976520739067,1.46246492300868,1.08067203628332,1.02257311873815,0.67397961346717,0.649080077376386,0.590981159831222,0.00999198437958334,0.225787963833049,-0.546097654981271,-1.12708683043291,-1.31798327379559,-1.12708683043291,-1.16858605725088,-0.637395953980814,0.790177448557498,-0.363501056982185,-0.861491778797875,-0.487998737436107,0.574381469104032,0.0763907472883421,-0.147705077528719,-1.25158451088683,-1.95707136679239,-2.49656131542606,-2.44676224324449,-2.40526301642652,-2.17286734624586,-2.2641656452454,-2.17286734624586,-1.26818420161402,-0.803392861252711,-2.00687043897396,-2.40526301642652,-2.16456750088226,-0.380100747709374,-0.239003376528262,-0.131105386801529,1.47906461373587,1.48736445909947,-0.902991005615849,-1.50057987179468,-1.37608219134075,-0.263902912619046,-0.031507242438391,-0.180904458983098,0.325386108196187,0.889775592920636,1.35456693328195,0.773577757830309,0.831676675375473,-0.446499510618133,-0.745293943707547,-0.770193479798332,0.00169213901598853,0.790177448557498,0.308786417468998,-0.413300129163754,-0.346901366254995,0.458183634013705,-1.40098172743154,-1.47568033570389,0.167689046287885,-0.803392861252711,-0.952790077797418,-0.703794716889573,-1.49228002643108,-1.36778234597716,0.441583943286515,1.31306770646397,-0.604196572526435,-0.604196572526435,0.167689046287885,0.715478840285145,-0.214103840437477,-0.164304768255908,-0.189204304346693,0.184288737015075,1.64506152100777,1.13047110846489,0.217488118469454,0.400084716468541,0.831676675375473,0.906375283647826,1.00597342801096,0.914675129011421,1.22176940746443
"Site_48",0.765277912466714,0.649080077376386,0.615880695922007,0.839976520739067,1.46246492300868,1.08067203628332,1.02257311873815,0.682279458830765,0.649080077376386,0.590981159831222,0.00999198437958334,0.225787963833049,-0.537797809617676,-1.12708683043291,-1.31798327379559,-1.12708683043291,-1.16858605725088,-0.637395953980814,0.790177448557498,-0.35520121161859,-0.85319193343428,-0.487998737436107,0.574381469104032,0.0763907472883421,-0.147705077528719,-1.25158451088683,-1.95707136679239,-2.49656131542606,-2.44676224324449,-2.40526301642652,-2.17286734624586,-2.2641656452454,-2.17286734624586,-1.26818420161402,-0.803392861252711,-2.00687043897396,-2.40526301642652,-2.15626765551867,-0.380100747709374,-0.230703531164667,-0.131105386801529,1.47076476837228,1.49566430446306,-0.902991005615849,-1.50057987179468,-1.36778234597716,-0.263902912619046,-0.031507242438391,-0.180904458983098,0.325386108196187,0.889775592920636,1.35456693328195,0.765277912466714,0.839976520739067,-0.446499510618133,-0.736994098343953,-0.770193479798332,0.00999198437958334,0.781877603193903,0.308786417468998,-0.413300129163754,-0.346901366254995,0.466483479377299,-1.40098172743154,-1.47568033570389,0.167689046287885,-0.795093015889116,-0.952790077797418,-0.703794716889573,-1.50057987179468,-1.36778234597716,0.441583943286515,1.31306770646397,-0.604196572526435,-0.59589672716284,0.167689046287885,0.70717899492155,-0.214103840437477,-0.156004922892314,-0.180904458983098,0.184288737015075,1.64506152100777,1.13047110846489,0.225787963833049,0.400084716468541,0.831676675375473,0.914675129011421,1.00597342801096,0.922974974375016,1.22176940746443
"Site_50",1.18857002601005,1.47906461373587,1.37946646937273,0.358585489650567,-0.214103840437477,0.0929904380155317,-0.562697345708461,-0.662295490071599,-0.487998737436107,-0.662295490071599,-0.496298582799702,-0.944490232433823,-0.786793170525521,0.615880695922007,0.765277912466714,0.881475747557042,0.615880695922007,0.20918827310586,0.101290283379127,0.308786417468998,1.9189564180064,1.12217126310129,0.0514912111975574,0.0348915204703678,-0.305402139437021,-0.147705077528719,-0.031507242438391,0.9478745104658,-0.0564067785291754,-0.239003376528262,0.441583943286515,-0.0647066238927702,-0.214103840437477,-0.00660770634760629,0.582681314467627,0.906375283647826,-0.230703531164667,-0.247303221891857,0.400084716468541,1.13877095382848,-0.122805541437934,-0.803392861252711,-0.944490232433823,-0.994289304615392,-0.878091469525065,0.184288737015075,-0.712094562253168,-0.703794716889573,-0.247303221891857,-0.745293943707547,-0.629096108617219,-1.05238822216056,-0.911290850979444,-0.0398070878019858,1.25496878891881,0.134489664833506,-0.363501056982185,0.00999198437958334,-1.07728775825134,-0.985989459251798,-1.04408837679696,-0.952790077797418,-0.985989459251798,-0.944490232433823,-0.496298582799702,1.31306770646397,0.607580850558412,0.665679768103576,1.2632686342824,0.441583943286515,0.101290283379127,-0.0813063146199599,-0.770193479798332,-0.570997191072055,0.200888427742265,-0.421599974527348,0.590981159831222,-0.122805541437934,-0.0979060053471495,-0.819992551979901,-1.21008528406886,-0.728694252980358,0.881475747557042,-0.189204304346693,0.267287190651023,1.27986832500959,-0.297102294073426,-1.11048713970572,-1.08558760361494,-0.844892088070685
"Site_51",0.682279458830765,1.03917280946534,0.234087809196644,-0.604196572526435,-0.902991005615849,-0.637395953980814,-1.64167724297579,-1.88237275852004,-0.745293943707547,-1.7827746141569,-1.64997708833938,-2.33056440815416,-2.02347012970115,0.416684407195731,-0.0149075517112011,0.507982706195274,-0.363501056982185,-0.471399046708917,-0.247303221891857,-0.0564067785291754,1.60356229418979,0.117889974106316,-0.745293943707547,-0.936190387070228,-1.20178543870526,-1.15198636652369,-0.86979162416147,0.441583943286515,-0.753593789071142,-0.720394407616763,0.333685953559782,-1.15198636652369,-1.18518574797807,0.0265916751067732,0.0182918297431781,0.19258858237867,-1.37608219134075,-1.11878698506932,-0.0896061599835549,0.333685953559782,-1.01088899534258,-1.69147631515736,-2.19776688233664,-2.4301625525173,-2.16456750088226,-0.122805541437934,-1.68317646979376,-1.67487662443017,-1.4590806449767,-1.26818420161402,-1.56697863470344,-2.1147684287007,-1.7910744595205,-0.247303221891857,0.408384561832136,-1.50887971715827,-2.04006982042834,-1.40098172743154,-1.90727229461083,-1.7910744595205,-2.45506208860808,-1.99857059361037,-2.16456750088226,-1.3013835830684,-0.512898273526892,1.03917280946534,-0.214103840437477,-0.297102294073426,1.00597342801096,-0.59589672716284,-0.894691160252254,-1.06898791288775,-2.16456750088226,-1.91557213997442,-0.205803995073883,-1.71637585124814,0.134489664833506,-0.936190387070228,-0.994289304615392,-1.61677770688501,-1.89897244924723,-1.16028621188729,0.142789510197101,-1.11878698506932,-1.09388744897853,0.756978067103119,-1.23498482015964,-2.52146085151684,-2.49656131542606,-2.39696317106292
"Site_52",1.55376322200822,1.51226399519025,1.42096569619071,1.48736445909947,1.99365502627875,1.54546337664463,1.4292655415543,1.55376322200822,1.35456693328195,1.08067203628332,0.599281005194817,0.931274819738611,0.217488118469454,-0.031507242438391,0.142789510197101,0.0597910565611525,-0.297102294073426,0.0929904380155317,1.1055715723741,0.17598889165148,-0.363501056982185,-0.239003376528262,1.14707079919208,0.657379922739981,0.117889974106316,-0.504598428163297,-1.29308373770481,-1.50887971715827,-1.52547940788546,-1.4590806449767,-1.79937430488409,-1.60017801615782,-1.31798327379559,-0.861491778797875,0.474783324740894,-1.60847786152141,-1.70807600588455,-1.47568033570389,0.350285644286972,0.250687499923834,0.657379922739981,2.32564884082254,3.22203214009079,-0.363501056982185,-0.819992551979901,-0.778493325161927,0.0929904380155317,0.624180541285602,0.557781778376843,0.524582396922464,1.68656074782574,0.657379922739981,0.416684407195731,1.85255765509764,-0.114505696074339,-0.396700438436564,-0.0564067785291754,2.20115116036862,1.13877095382848,0.151089355560696,-0.471399046708917,-0.197504149710288,1.49566430446306,-1.22668497479605,-0.479698892072512,1.72805997464372,0.00999198437958334,0.292186726741808,0.300486572105403,-0.222403685801072,0.607580850558412,1.83595796437045,1.76955920146169,0.15938920092429,0.391784871104946,1.46246492300868,2.10985286136908,0.250687499923834,0.632480386649196,0.997673582647369,1.87745719118842,2.11815270673267,1.47076476837228,0.756978067103119,1.00597342801096,1.09727172701051,1.13877095382848,1.14707079919208,1.7446596653709,2.0766534799147
"Site_54",0.972774046556585,1.25496878891881,1.03087296410175,0.0265916751067732,-0.239003376528262,0.15938920092429,-0.61249641789003,-0.761893634434737,-0.546097654981271,-1.03578853143337,-1.29308373770481,-1.39268188206794,-0.878091469525065,0.499682860831679,0.566081623740438,0.424984252559325,0.375185180377756,0.283886881378213,0.101290283379127,0.184288737015075,1.64506152100777,0.607580850558412,0.00169213901598853,0.0929904380155317,-0.0481069331655806,0.0348915204703678,-0.0149075517112011,0.574381469104032,-0.0232073970747959,0.217488118469454,0.541182087649653,-0.280502603346236,-0.164304768255908,-0.0481069331655806,0.408384561832136,0.400084716468541,-0.521198118890486,-0.59589672716284,0.217488118469454,1.03087296410175,-0.346901366254995,-1.11048713970572,-1.16028621188729,-1.60017801615782,-1.47568033570389,0.43328409792292,-0.927890541706634,-0.936190387070228,-0.429899819890943,-0.761893634434737,-1.23498482015964,-1.35948250061357,-1.11048713970572,-0.0730064692563653,1.09727172701051,-0.313701984800615,-1.01088899534258,-1.01918884070618,-1.67487662443017,-1.16028621188729,-1.69977616052095,-1.44248095424951,-1.77447476879331,-1.16858605725088,-0.413300129163754,1.23836909819162,0.44988378865011,0.607580850558412,1.1138714177377,0.184288737015075,-0.363501056982185,-0.504598428163297,-1.31798327379559,-1.25988435625043,0.44988378865011,-0.35520121161859,0.283886881378213,-0.446499510618133,-0.388400593072969,-0.961089923161013,-1.21008528406886,-0.861491778797875,0.507982706195274,-0.380100747709374,-0.180904458983098,0.9478745104658,-0.512898273526892,-1.40928157279513,-1.23498482015964,-1.31798327379559
"Site_55",1.66996105709855,1.57036291273541,1.52056384055384,1.57036291273541,2.00195487164234,1.67826090246215,1.55376322200822,1.62016198491698,1.40436600546352,1.22176940746443,0.649080077376386,0.972774046556585,0.275587036014618,0.0431913658339628,0.17598889165148,0.17598889165148,-0.205803995073883,0.117889974106316,1.14707079919208,0.258987345287428,-0.280502603346236,-0.189204304346693,1.14707079919208,0.698879149557955,0.19258858237867,-0.396700438436564,-1.22668497479605,-1.39268188206794,-1.42588126352232,-1.36778234597716,-1.7910744595205,-1.60017801615782,-1.32628311915919,-0.86979162416147,0.43328409792292,-1.60847786152141,-1.70807600588455,-1.4590806449767,0.341985798923377,0.242387654560239,0.665679768103576,2.32564884082254,3.22203214009079,-0.363501056982185,-0.819992551979901,-0.770193479798332,0.0929904380155317,0.615880695922007,0.566081623740438,0.549481933013248,1.70316043855293,0.665679768103576,0.424984252559325,1.85255765509764,-0.106205850710745,-0.396700438436564,-0.0481069331655806,2.20115116036862,1.13877095382848,0.151089355560696,-0.463099201345323,-0.164304768255908,1.54546337664463,-1.20178543870526,-0.413300129163754,1.80275858291607,0.0265916751067732,0.341985798923377,0.333685953559782,-0.156004922892314,0.69057930419436,1.90235672727921,1.78615889218888,0.200888427742265,0.441583943286515,1.52056384055384,2.18455146964143,0.275587036014618,0.682279458830765,1.07237219091972,1.96875549018797,2.14305224282346,1.48736445909947,0.798477293921093,1.04747265482894,1.1138714177377,1.16367048991927,1.16367048991927,1.77785904682528,2.14305224282346
"Site_57",0.815076984648283,0.848276366102662,0.715478840285145,0.815076984648283,1.54546337664463,1.12217126310129,1.23006925282803,1.08067203628332,0.831676675375473,0.765277912466714,0.441583943286515,0.44988378865011,-0.0564067785291754,-0.770193479798332,-0.894691160252254,-0.994289304615392,-1.07728775825134,-0.263902912619046,0.798477293921093,0.00169213901598853,-0.363501056982185,-0.0564067785291754,0.607580850558412,0.317086262832593,0.126189819469911,-1.36778234597716,-1.86577306779285,-2.49656131542606,-2.28906518133619,-2.33056440815416,-2.18946703697305,-2.28906518133619,-2.14796781015508,-1.29308373770481,-0.57929703643565,-1.84917337706566,-2.33886425351776,-2.05666951115553,-0.247303221891857,-0.214103840437477,-0.197504149710288,1.31306770646397,1.98535518091516,-0.670595335435194,-1.21838512943245,-1.1436865211601,-0.139405232165124,0.00999198437958334,-0.363501056982185,-0.00660770634760629,0.806777139284688,1.28816817037319,0.765277912466714,0.864876056829852,-0.263902912619046,-0.59589672716284,-0.554397500344866,0.0846905926519369,0.715478840285145,0.408384561832136,-0.363501056982185,-0.139405232165124,0.864876056829852,-1.24328466552324,-1.25988435625043,0.317086262832593,-0.405000283800159,-0.819992551979901,-0.554397500344866,-1.55867878933984,-1.29308373770481,0.657379922739981,1.45416507764509,-0.521198118890486,-0.346901366254995,0.43328409792292,0.698879149557955,-0.122805541437934,0.0680909019247473,-0.172604613619503,0.225787963833049,1.62846183028058,1.37946646937273,0.341985798923377,0.582681314467627,0.931274819738611,1.06407234555613,1.24666894355521,1.08067203628332,1.23836909819162
"Site_58",0.989373737283774,1.35456693328195,1.12217126310129,-0.131105386801529,-0.230703531164667,0.20918827310586,-0.728694252980358,-0.844892088070685,-0.604196572526435,-0.878091469525065,-0.961089923161013,-1.21838512943245,-1.02748868606977,0.507982706195274,0.615880695922007,0.624180541285602,0.491383015468084,0.225787963833049,0.17598889165148,0.308786417468998,1.60356229418979,0.640780232012791,0.0846905926519369,0.217488118469454,-0.172604613619503,-0.0979060053471495,0.00169213901598853,0.458183634013705,-0.0647066238927702,0.225787963833049,0.474783324740894,-0.031507242438391,-0.0398070878019858,0.225787963833049,0.458183634013705,0.483083170104489,-0.429899819890943,-0.496298582799702,0.167689046287885,0.997673582647369,-0.371800902345779,-1.33458296452278,-1.35948250061357,-1.4673804903403,-1.38438203670435,-0.0481069331655806,-1.02748868606977,-1.06898791288775,-0.438199665254538,-0.728694252980358,-1.16028621188729,-1.32628311915919,-1.00258914997899,-0.156004922892314,1.08897188164691,-0.164304768255908,-0.819992551979901,-0.819992551979901,-1.4673804903403,-1.18518574797807,-1.54207909861265,-1.48398018106749,-1.84917337706566,-1.02748868606977,-0.454799355981728,1.18027018064646,0.624180541285602,0.856576211466257,0.906375283647826,0.317086262832593,-0.405000283800159,-0.496298582799702,-1.19348559334167,-1.15198636652369,0.441583943286515,-0.156004922892314,0.275587036014618,-0.380100747709374,-0.230703531164667,-0.994289304615392,-1.29308373770481,-1.08558760361494,0.44988378865011,-0.172604613619503,-0.031507242438391,1.02257311873815,-0.380100747709374,-1.38438203670435,-1.09388744897853,-1.16028621188729
